PRECIO,CUARTOS,BANIOS,AREA DEL TERRENO,UBICACION VIVIENDA
"$660,000",3 bds,3 ba,"2,324 sqft","3668 Northlake Dr, Atlanta, GA 30340"
"$660,000",3 bds,3 ba,"1,960 sqft","14420 Tamarac Dr, Bokeelia, FL 33922"
"$660,000",3 bds,2 ba,"2,224 sqft","4503 Briardale St, San Antonio, TX 78217"
"$660,000",3 bds,2 ba,"1,722 sqft","318 Peggy Cir NE, Palm Bay, FL 32907"
"$660,000",3 bds,3 ba,"2,201 sqft","7407 EAGLE LEDGE, San Antonio, TX 78249"
"$660,000",3 bds,3 ba,"1,678 sqft","6804 Vallecito Dr, Austin, TX 78759"
"$660,000",4 bds,2 ba,"2,089 sqft","29645 Calle Colina, Cathedral City, CA 92234"
"$660,000",3 bds,2 ba,"1,864 sqft","2417 NW 187th Ter, Edmond, OK 73012"
"$660,000",3 bds,2 ba,"1,510 sqft","6226 S 39th Ave, Phoenix, AZ 85041"
"$660,000",3 bds,3 ba,"2,324 sqft","3668 Northlake Dr, Atlanta, GA 30340"
"$660,000",3 bds,3 ba,"1,960 sqft","14420 Tamarac Dr, Bokeelia, FL 33922"
"$660,000",3 bds,2 ba,"2,224 sqft","4503 Briardale St, San Antonio, TX 78217"
"$660,000",3 bds,2 ba,"1,722 sqft","318 Peggy Cir NE, Palm Bay, FL 32907"
"$660,000",3 bds,3 ba,"2,201 sqft","7407 EAGLE LEDGE, San Antonio, TX 78249"
"$660,000",3 bds,3 ba,"1,678 sqft","6804 Vallecito Dr, Austin, TX 78759"
"$660,000",4 bds,2 ba,"2,089 sqft","29645 Calle Colina, Cathedral City, CA 92234"
"$660,000",3 bds,2 ba,"1,864 sqft","2417 NW 187th Ter, Edmond, OK 73012"
"$660,000",3 bds,2 ba,"1,510 sqft","6226 S 39th Ave, Phoenix, AZ 85041"
"$660,000",5 bds,2 ba,"1,700 sqft","427 Acre Rock Rd, Lawndale, NC 28090"
"$660,000",3 bds,3 ba,"2,324 sqft","3668 Northlake Dr, Atlanta, GA 30340"
"$660,000",3 bds,3 ba,"1,960 sqft","14420 Tamarac Dr, Bokeelia, FL 33922"
"$660,000",3 bds,2 ba,"2,224 sqft","4503 Briardale St, San Antonio, TX 78217"
"$660,000",3 bds,2 ba,"1,722 sqft","318 Peggy Cir NE, Palm Bay, FL 32907"
"$660,000",3 bds,3 ba,"2,201 sqft","7407 EAGLE LEDGE, San Antonio, TX 78249"
"$660,000",3 bds,3 ba,"1,678 sqft","6804 Vallecito Dr, Austin, TX 78759"
"$660,000",4 bds,2 ba,"2,089 sqft","29645 Calle Colina, Cathedral City, CA 92234"
"$660,000",3 bds,2 ba,"1,864 sqft","2417 NW 187th Ter, Edmond, OK 73012"
"$660,000",3 bds,2 ba,"1,510 sqft","6226 S 39th Ave, Phoenix, AZ 85041"
"$660,000",5 bds,2 ba,"1,700 sqft","427 Acre Rock Rd, Lawndale, NC 28090"
"$660,000",3 bds,3 ba,"2,324 sqft","3668 Northlake Dr, Atlanta, GA 30340"
"$660,000",3 bds,3 ba,"1,960 sqft","14420 Tamarac Dr, Bokeelia, FL 33922"
"$660,000",3 bds,2 ba,"2,224 sqft","4503 Briardale St, San Antonio, TX 78217"
"$660,000",3 bds,2 ba,"1,722 sqft","318 Peggy Cir NE, Palm Bay, FL 32907"
"$660,000",3 bds,3 ba,"2,201 sqft","7407 EAGLE LEDGE, San Antonio, TX 78249"
"$660,000",3 bds,3 ba,"1,678 sqft","6804 Vallecito Dr, Austin, TX 78759"
"$660,000",4 bds,2 ba,"2,089 sqft","29645 Calle Colina, Cathedral City, CA 92234"
"$660,000",3 bds,2 ba,"1,864 sqft","2417 NW 187th Ter, Edmond, OK 73012"
"$660,000",3 bds,2 ba,"1,510 sqft","6226 S 39th Ave, Phoenix, AZ 85041"
"$660,000",5 bds,2 ba,"1,700 sqft","427 Acre Rock Rd, Lawndale, NC 28090"
"$660,000",3 bds,3 ba,"2,324 sqft","3668 Northlake Dr, Atlanta, GA 30340"
"$660,000",3 bds,3 ba,"1,960 sqft","14420 Tamarac Dr, Bokeelia, FL 33922"
"$660,000",3 bds,2 ba,"2,224 sqft","4503 Briardale St, San Antonio, TX 78217"
"$660,000",3 bds,2 ba,"1,722 sqft","318 Peggy Cir NE, Palm Bay, FL 32907"
"$660,000",3 bds,3 ba,"2,201 sqft","7407 EAGLE LEDGE, San Antonio, TX 78249"
"$660,000",3 bds,3 ba,"1,678 sqft","6804 Vallecito Dr, Austin, TX 78759"
"$660,000",4 bds,2 ba,"2,089 sqft","29645 Calle Colina, Cathedral City, CA 92234"
"$660,000",3 bds,2 ba,"1,864 sqft","2417 NW 187th Ter, Edmond, OK 73012"
"$660,000",3 bds,2 ba,"1,510 sqft","6226 S 39th Ave, Phoenix, AZ 85041"
"$660,000",5 bds,2 ba,"1,700 sqft","427 Acre Rock Rd, Lawndale, NC 28090"
"$660,000",3 bds,3 ba,"2,324 sqft","3668 Northlake Dr, Atlanta, GA 30340"
"$660,000",3 bds,3 ba,"1,960 sqft","14420 Tamarac Dr, Bokeelia, FL 33922"
"$660,000",3 bds,2 ba,"2,224 sqft","4503 Briardale St, San Antonio, TX 78217"
"$660,000",3 bds,2 ba,"1,722 sqft","318 Peggy Cir NE, Palm Bay, FL 32907"
"$660,000",3 bds,3 ba,"2,201 sqft","7407 EAGLE LEDGE, San Antonio, TX 78249"
"$660,000",3 bds,3 ba,"1,678 sqft","6804 Vallecito Dr, Austin, TX 78759"
"$660,000",4 bds,2 ba,"2,089 sqft","29645 Calle Colina, Cathedral City, CA 92234"
"$660,000",3 bds,2 ba,"1,864 sqft","2417 NW 187th Ter, Edmond, OK 73012"
"$660,000",3 bds,2 ba,"1,510 sqft","6226 S 39th Ave, Phoenix, AZ 85041"
"$660,000",5 bds,2 ba,"1,700 sqft","427 Acre Rock Rd, Lawndale, NC 28090"
"$660,000",3 bds,3 ba,"2,324 sqft","3668 Northlake Dr, Atlanta, GA 30340"
"$660,000",3 bds,3 ba,"1,960 sqft","14420 Tamarac Dr, Bokeelia, FL 33922"
"$660,000",3 bds,2 ba,"2,224 sqft","4503 Briardale St, San Antonio, TX 78217"
"$660,000",3 bds,2 ba,"1,722 sqft","318 Peggy Cir NE, Palm Bay, FL 32907"
"$660,000",3 bds,3 ba,"2,201 sqft","7407 EAGLE LEDGE, San Antonio, TX 78249"
"$660,000",3 bds,3 ba,"1,678 sqft","6804 Vallecito Dr, Austin, TX 78759"
"$660,000",4 bds,2 ba,"2,089 sqft","29645 Calle Colina, Cathedral City, CA 92234"
"$660,000",3 bds,2 ba,"1,864 sqft","2417 NW 187th Ter, Edmond, OK 73012"
"$660,000",3 bds,2 ba,"1,510 sqft","6226 S 39th Ave, Phoenix, AZ 85041"
"$660,000",5 bds,2 ba,"1,700 sqft","427 Acre Rock Rd, Lawndale, NC 28090"
"$660,000",3 bds,3 ba,"2,324 sqft","3668 Northlake Dr, Atlanta, GA 30340"
"$660,000",3 bds,3 ba,"1,960 sqft","14420 Tamarac Dr, Bokeelia, FL 33922"
"$660,000",3 bds,2 ba,"2,224 sqft","4503 Briardale St, San Antonio, TX 78217"
"$660,000",3 bds,2 ba,"1,722 sqft","318 Peggy Cir NE, Palm Bay, FL 32907"
"$660,000",3 bds,3 ba,"2,201 sqft","7407 EAGLE LEDGE, San Antonio, TX 78249"
"$660,000",3 bds,3 ba,"1,678 sqft","6804 Vallecito Dr, Austin, TX 78759"
"$660,000",4 bds,2 ba,"2,089 sqft","29645 Calle Colina, Cathedral City, CA 92234"
"$660,000",3 bds,2 ba,"1,864 sqft","2417 NW 187th Ter, Edmond, OK 73012"
"$660,000",3 bds,2 ba,"1,510 sqft","6226 S 39th Ave, Phoenix, AZ 85041"
"$660,000",5 bds,2 ba,"1,700 sqft","427 Acre Rock Rd, Lawndale, NC 28090"
"$660,000",3 bds,3 ba,"2,324 sqft","3668 Northlake Dr, Atlanta, GA 30340"
"$660,000",3 bds,3 ba,"1,960 sqft","14420 Tamarac Dr, Bokeelia, FL 33922"
"$660,000",3 bds,2 ba,"2,224 sqft","4503 Briardale St, San Antonio, TX 78217"
"$660,000",3 bds,2 ba,"1,722 sqft","318 Peggy Cir NE, Palm Bay, FL 32907"
"$660,000",3 bds,3 ba,"2,201 sqft","7407 EAGLE LEDGE, San Antonio, TX 78249"
"$660,000",3 bds,3 ba,"1,678 sqft","6804 Vallecito Dr, Austin, TX 78759"
"$660,000",4 bds,2 ba,"2,089 sqft","29645 Calle Colina, Cathedral City, CA 92234"
"$660,000",3 bds,2 ba,"1,864 sqft","2417 NW 187th Ter, Edmond, OK 73012"
"$660,000",3 bds,2 ba,"1,510 sqft","6226 S 39th Ave, Phoenix, AZ 85041"
"$660,000",5 bds,2 ba,"1,700 sqft","427 Acre Rock Rd, Lawndale, NC 28090"
"$660,000",3 bds,3 ba,"2,324 sqft","3668 Northlake Dr, Atlanta, GA 30340"
"$660,000",3 bds,3 ba,"1,960 sqft","14420 Tamarac Dr, Bokeelia, FL 33922"
"$660,000",3 bds,2 ba,"2,224 sqft","4503 Briardale St, San Antonio, TX 78217"
"$660,000",3 bds,2 ba,"1,722 sqft","318 Peggy Cir NE, Palm Bay, FL 32907"
"$660,000",3 bds,3 ba,"2,201 sqft","7407 EAGLE LEDGE, San Antonio, TX 78249"
"$660,000",3 bds,3 ba,"1,678 sqft","6804 Vallecito Dr, Austin, TX 78759"
"$660,000",4 bds,2 ba,"2,089 sqft","29645 Calle Colina, Cathedral City, CA 92234"
"$660,000",3 bds,2 ba,"1,864 sqft","2417 NW 187th Ter, Edmond, OK 73012"
"$660,000",3 bds,2 ba,"1,510 sqft","6226 S 39th Ave, Phoenix, AZ 85041"
"$660,000",5 bds,2 ba,"1,700 sqft","427 Acre Rock Rd, Lawndale, NC 28090"
"$660,000",3 bds,3 ba,"2,324 sqft","3668 Northlake Dr, Atlanta, GA 30340"
"$660,000",3 bds,3 ba,"1,960 sqft","14420 Tamarac Dr, Bokeelia, FL 33922"
"$660,000",3 bds,2 ba,"2,224 sqft","4503 Briardale St, San Antonio, TX 78217"
"$660,000",3 bds,2 ba,"1,722 sqft","318 Peggy Cir NE, Palm Bay, FL 32907"
"$660,000",3 bds,3 ba,"2,201 sqft","7407 EAGLE LEDGE, San Antonio, TX 78249"
"$660,000",3 bds,3 ba,"1,678 sqft","6804 Vallecito Dr, Austin, TX 78759"
"$660,000",4 bds,2 ba,"2,089 sqft","29645 Calle Colina, Cathedral City, CA 92234"
"$660,000",3 bds,2 ba,"1,864 sqft","2417 NW 187th Ter, Edmond, OK 73012"
"$660,000",3 bds,2 ba,"1,510 sqft","6226 S 39th Ave, Phoenix, AZ 85041"
"$660,000",5 bds,2 ba,"1,700 sqft","427 Acre Rock Rd, Lawndale, NC 28090"
"$660,000",3 bds,3 ba,"2,324 sqft","3668 Northlake Dr, Atlanta, GA 30340"
"$660,000",3 bds,3 ba,"1,960 sqft","14420 Tamarac Dr, Bokeelia, FL 33922"
"$660,000",3 bds,2 ba,"2,224 sqft","4503 Briardale St, San Antonio, TX 78217"
"$660,000",3 bds,2 ba,"1,722 sqft","318 Peggy Cir NE, Palm Bay, FL 32907"
"$660,000",3 bds,3 ba,"2,201 sqft","7407 EAGLE LEDGE, San Antonio, TX 78249"
"$660,000",3 bds,3 ba,"1,678 sqft","6804 Vallecito Dr, Austin, TX 78759"
"$660,000",4 bds,2 ba,"2,089 sqft","29645 Calle Colina, Cathedral City, CA 92234"
"$660,000",3 bds,2 ba,"1,864 sqft","2417 NW 187th Ter, Edmond, OK 73012"
"$660,000",3 bds,2 ba,"1,510 sqft","6226 S 39th Ave, Phoenix, AZ 85041"
"$660,000",5 bds,2 ba,"1,700 sqft","427 Acre Rock Rd, Lawndale, NC 28090"
"$660,000",3 bds,3 ba,"2,324 sqft","3668 Northlake Dr, Atlanta, GA 30340"
"$660,000",3 bds,3 ba,"1,960 sqft","14420 Tamarac Dr, Bokeelia, FL 33922"
"$660,000",3 bds,2 ba,"2,224 sqft","4503 Briardale St, San Antonio, TX 78217"
"$660,000",3 bds,2 ba,"1,722 sqft","318 Peggy Cir NE, Palm Bay, FL 32907"
"$660,000",3 bds,3 ba,"2,201 sqft","7407 EAGLE LEDGE, San Antonio, TX 78249"
"$660,000",3 bds,3 ba,"1,678 sqft","6804 Vallecito Dr, Austin, TX 78759"
"$660,000",4 bds,2 ba,"2,089 sqft","29645 Calle Colina, Cathedral City, CA 92234"
"$660,000",3 bds,2 ba,"1,864 sqft","2417 NW 187th Ter, Edmond, OK 73012"
"$660,000",3 bds,2 ba,"1,510 sqft","6226 S 39th Ave, Phoenix, AZ 85041"
"$660,000",5 bds,2 ba,"1,700 sqft","427 Acre Rock Rd, Lawndale, NC 28090"
"$660,000",3 bds,3 ba,"2,324 sqft","3668 Northlake Dr, Atlanta, GA 30340"
"$660,000",3 bds,3 ba,"1,960 sqft","14420 Tamarac Dr, Bokeelia, FL 33922"
"$660,000",3 bds,2 ba,"2,224 sqft","4503 Briardale St, San Antonio, TX 78217"
"$660,000",3 bds,2 ba,"1,722 sqft","318 Peggy Cir NE, Palm Bay, FL 32907"
"$660,000",3 bds,3 ba,"2,201 sqft","7407 EAGLE LEDGE, San Antonio, TX 78249"
"$660,000",3 bds,3 ba,"1,678 sqft","6804 Vallecito Dr, Austin, TX 78759"
"$660,000",4 bds,2 ba,"2,089 sqft","29645 Calle Colina, Cathedral City, CA 92234"
"$660,000",3 bds,2 ba,"1,864 sqft","2417 NW 187th Ter, Edmond, OK 73012"
"$660,000",3 bds,2 ba,"1,510 sqft","6226 S 39th Ave, Phoenix, AZ 85041"
"$660,000",5 bds,2 ba,"1,700 sqft","427 Acre Rock Rd, Lawndale, NC 28090"
"$660,000",3 bds,3 ba,"2,324 sqft","3668 Northlake Dr, Atlanta, GA 30340"
"$660,000",3 bds,3 ba,"1,960 sqft","14420 Tamarac Dr, Bokeelia, FL 33922"
"$660,000",3 bds,2 ba,"2,224 sqft","4503 Briardale St, San Antonio, TX 78217"
"$660,000",3 bds,2 ba,"1,722 sqft","318 Peggy Cir NE, Palm Bay, FL 32907"
"$660,000",3 bds,3 ba,"2,201 sqft","7407 EAGLE LEDGE, San Antonio, TX 78249"
"$660,000",3 bds,3 ba,"1,678 sqft","6804 Vallecito Dr, Austin, TX 78759"
"$660,000",4 bds,2 ba,"2,089 sqft","29645 Calle Colina, Cathedral City, CA 92234"
"$660,000",3 bds,2 ba,"1,864 sqft","2417 NW 187th Ter, Edmond, OK 73012"
"$660,000",3 bds,2 ba,"1,510 sqft","6226 S 39th Ave, Phoenix, AZ 85041"
"$660,000",5 bds,2 ba,"1,700 sqft","427 Acre Rock Rd, Lawndale, NC 28090"
"$660,000",3 bds,3 ba,"2,324 sqft","3668 Northlake Dr, Atlanta, GA 30340"
"$660,000",3 bds,3 ba,"1,960 sqft","14420 Tamarac Dr, Bokeelia, FL 33922"
"$660,000",3 bds,2 ba,"2,224 sqft","4503 Briardale St, San Antonio, TX 78217"
"$660,000",3 bds,2 ba,"1,722 sqft","318 Peggy Cir NE, Palm Bay, FL 32907"
"$660,000",3 bds,3 ba,"2,201 sqft","7407 EAGLE LEDGE, San Antonio, TX 78249"
"$660,000",3 bds,3 ba,"1,678 sqft","6804 Vallecito Dr, Austin, TX 78759"
"$660,000",4 bds,2 ba,"2,089 sqft","29645 Calle Colina, Cathedral City, CA 92234"
"$660,000",3 bds,2 ba,"1,864 sqft","2417 NW 187th Ter, Edmond, OK 73012"
"$660,000",3 bds,2 ba,"1,510 sqft","6226 S 39th Ave, Phoenix, AZ 85041"
"$660,000",5 bds,2 ba,"1,700 sqft","427 Acre Rock Rd, Lawndale, NC 28090"
"$660,000",3 bds,3 ba,"2,324 sqft","3668 Northlake Dr, Atlanta, GA 30340"
"$660,000",3 bds,3 ba,"1,960 sqft","14420 Tamarac Dr, Bokeelia, FL 33922"
"$660,000",3 bds,2 ba,"2,224 sqft","4503 Briardale St, San Antonio, TX 78217"
"$660,000",3 bds,2 ba,"1,722 sqft","318 Peggy Cir NE, Palm Bay, FL 32907"
"$660,000",3 bds,3 ba,"2,201 sqft","7407 EAGLE LEDGE, San Antonio, TX 78249"
"$660,000",3 bds,3 ba,"1,678 sqft","6804 Vallecito Dr, Austin, TX 78759"
"$660,000",4 bds,2 ba,"2,089 sqft","29645 Calle Colina, Cathedral City, CA 92234"
"$660,000",3 bds,2 ba,"1,864 sqft","2417 NW 187th Ter, Edmond, OK 73012"
"$660,000",3 bds,2 ba,"1,510 sqft","6226 S 39th Ave, Phoenix, AZ 85041"
"$660,000",5 bds,2 ba,"1,700 sqft","427 Acre Rock Rd, Lawndale, NC 28090"
"$660,000",3 bds,3 ba,"2,324 sqft","3668 Northlake Dr, Atlanta, GA 30340"
"$660,000",3 bds,3 ba,"1,960 sqft","14420 Tamarac Dr, Bokeelia, FL 33922"
"$660,000",3 bds,2 ba,"2,224 sqft","4503 Briardale St, San Antonio, TX 78217"
"$660,000",3 bds,2 ba,"1,722 sqft","318 Peggy Cir NE, Palm Bay, FL 32907"
"$660,000",3 bds,3 ba,"2,201 sqft","7407 EAGLE LEDGE, San Antonio, TX 78249"
"$660,000",3 bds,3 ba,"1,678 sqft","6804 Vallecito Dr, Austin, TX 78759"
"$660,000",4 bds,2 ba,"2,089 sqft","29645 Calle Colina, Cathedral City, CA 92234"
"$660,000",3 bds,2 ba,"1,864 sqft","2417 NW 187th Ter, Edmond, OK 73012"
"$660,000",3 bds,2 ba,"1,510 sqft","6226 S 39th Ave, Phoenix, AZ 85041"
"$660,000",5 bds,2 ba,"1,700 sqft","427 Acre Rock Rd, Lawndale, NC 28090"
"$660,000",3 bds,3 ba,"2,324 sqft","3668 Northlake Dr, Atlanta, GA 30340"
"$660,000",3 bds,3 ba,"1,960 sqft","14420 Tamarac Dr, Bokeelia, FL 33922"
"$660,000",3 bds,2 ba,"2,224 sqft","4503 Briardale St, San Antonio, TX 78217"
"$660,000",3 bds,2 ba,"1,722 sqft","318 Peggy Cir NE, Palm Bay, FL 32907"
"$660,000",3 bds,3 ba,"2,201 sqft","7407 EAGLE LEDGE, San Antonio, TX 78249"
"$660,000",3 bds,3 ba,"1,678 sqft","6804 Vallecito Dr, Austin, TX 78759"
"$660,000",4 bds,2 ba,"2,089 sqft","29645 Calle Colina, Cathedral City, CA 92234"
"$660,000",3 bds,2 ba,"1,864 sqft","2417 NW 187th Ter, Edmond, OK 73012"
"$660,000",3 bds,2 ba,"1,510 sqft","6226 S 39th Ave, Phoenix, AZ 85041"
"$660,000",5 bds,2 ba,"1,700 sqft","427 Acre Rock Rd, Lawndale, NC 28090"
"$660,000",3 bds,3 ba,"2,324 sqft","3668 Northlake Dr, Atlanta, GA 30340"
"$660,000",3 bds,3 ba,"1,960 sqft","14420 Tamarac Dr, Bokeelia, FL 33922"
"$660,000",3 bds,2 ba,"2,224 sqft","4503 Briardale St, San Antonio, TX 78217"
"$660,000",3 bds,2 ba,"1,722 sqft","318 Peggy Cir NE, Palm Bay, FL 32907"
"$660,000",3 bds,3 ba,"2,201 sqft","7407 EAGLE LEDGE, San Antonio, TX 78249"
"$660,000",3 bds,3 ba,"1,678 sqft","6804 Vallecito Dr, Austin, TX 78759"
"$660,000",4 bds,2 ba,"2,089 sqft","29645 Calle Colina, Cathedral City, CA 92234"
"$660,000",3 bds,2 ba,"1,864 sqft","2417 NW 187th Ter, Edmond, OK 73012"
"$660,000",3 bds,2 ba,"1,510 sqft","6226 S 39th Ave, Phoenix, AZ 85041"
"$660,000",5 bds,2 ba,"1,700 sqft","427 Acre Rock Rd, Lawndale, NC 28090"
